post_id,timestamp,email,post_type,post_audience,active_subscription,country,city,region,device_type,client_os,client_type,user_agent
3,2023-01-05T10:36:08.164Z,dummy_email1@gmail.com,newsletter,founding,TRUE,,,,,,,Mozilla/5.0
3,2023-01-05T10:36:09.478Z,dummy_email2@gmail.com,newsletter,founding,TRUE,US,,,,,,"Mozilla/5.0 (Windows NT 10.0; Win64; x64) AppleWebKit/537.36 (KHTML, like Gecko) Chrome/42.0.2311.135 Safari/537.36 Edge/12.246 Mozilla/5.0"
3,2023-01-05T10:36:10.168Z,dummy_email3@gmail.com,newsletter,founding,TRUE,US,,,,,,"Mozilla/5.0 (Windows NT 10.0; Win64; x64) AppleWebKit/537.36 (KHTML, like Gecko) Chrome/42.0.2311.135 Safari/537.36 Edge/12.246 Mozilla/5.0"
3,2023-01-05T10:36:10.223Z,dummy_email4@gmail.com,newsletter,founding,TRUE,US,,,,,,"Mozilla/5.0 (Windows NT 10.0; Win64; x64) AppleWebKit/537.36 (KHTML, like Gecko) Chrome/42.0.2311.135 Safari/537.36 Edge/12.246 Mozilla/5.0"
3,2023-01-05T10:36:12.909Z,dummy_email5@gmail.com,newsletter,founding,TRUE,US,,,,,,Mozilla/5.0 (Windows NT 5.1; rv:11.0) Gecko Firefox/11.0 (via ggpht.com GoogleImageProxy)
