email,active_subscription,expiry,plan,email_disabled,digest_enabled,created_at
dummy_email1@example.com,FALSE,,other,FALSE,FALSE,2022-11-15T07:55:22.660Z
dummy_email2@example.com,FALSE,,other,FALSE,FALSE,2020-08-10T04:56:48.801Z
dummy_email3@example.com,FALSE,,other,FALSE,FALSE,2020-05-10T07:41:42.431Z
dummy_email4@example.com,FALSE,,other,FALSE,FALSE,2023-03-06T09:23:10.628Z
dummy_email5@example.com,FALSE,,other,FALSE,FALSE,2020-10-18T12:26:18.520Z
dummy_email6@example.com,FALSE,,other,FALSE,FALSE,2020-10-15T08:30:23.843Z
dummy_email7@example.com,FALSE,,other,FALSE,FALSE,2023-01-14T15:06:41.878Z
dummy_email8@example.com,FALSE,,other,FALSE,FALSE,2022-11-29T11:32:53.173Z
dummy_email9@example.com,TRUE,2024-01-21T12:14:58.000Z,yearly,FALSE,FALSE,2021-06-14T07:16:09.518Z
dummy_email10@example.com,FALSE,,other,FALSE,FALSE,2020-11-30T15:29:31.912Z
dummy_email11@example.com,FALSE,,other,FALSE,FALSE,2022-11-16T10:13:49.352Z
