post_id,post_date,is_published,email_sent_at,inbox_sent_at,type,audience,title,subtitle,podcast_url
1.one,2023-06-22T04:58:05.613Z,TRUE,2023-06-22T04:58:05.675Z,2023-06-22T04:58:05.675Z,newsletter,only_paid,One,99% of orgs don't do this,
2.two,2023-06-13T08:29:38.902Z,TRUE,2023-06-13T08:29:39.011Z,2023-06-13T08:29:39.011Z,newsletter,everyone,Two,99% of orgs don't do this,
3.three,2023-06-07T07:00:19.676Z,TRUE,2023-06-07T07:00:19.758Z,2023-06-07T07:00:19.758Z,newsletter,only_paid,Three,99% of orgs don't do this,
4.four,,FALSE,,,newsletter,only_paid,,,
